-- Stadione database schema and seed data
CREATE TABLE venues (id integer primary key, name text not null, city text, sport text, price integer, rating numeric, reviews integer, color text);
CREATE TABLE venue_tags (venue_id integer references venues(id), tag text not null, primary key (venue_id, tag));
CREATE TABLE tournaments (id integer primary key, name text not null, sport text, format text, teams integer, status text, prize integer, start_date text, color text, host text, participants integer);
CREATE TABLE tournament_standings (tournament_id integer references tournaments(id), pos integer, team text, p integer, w integer, d integer, l integer, gf integer, ga integer, pts integer, primary key (tournament_id, pos));
CREATE TABLE tournament_schedule (tournament_id integer references tournaments(id), entry_id integer primary key, date text, home text, away text, score text, status text);
CREATE TABLE tournament_bracket_rounds (id serial primary key, tournament_id integer references tournaments(id), round_order integer, name text);
CREATE TABLE tournament_bracket_matches (id serial primary key, round_id integer references tournament_bracket_rounds(id), p1 text, p2 text, s1 integer, s2 integer, w integer);
CREATE TABLE news (id integer primary key, category text, title text, excerpt text, author text, date text, read_time text, featured boolean, color text);
CREATE TABLE coaches (id integer primary key, name text, sport text, exp integer, rating numeric, sessions integer, price integer, initial text);
CREATE TABLE coach_certs (coach_id integer references coaches(id), cert text, primary key(coach_id, cert));
CREATE TABLE coach_extra (coach_id integer primary key references coaches(id), bio text, location text);
CREATE TABLE coach_languages (coach_id integer references coaches(id), language text, primary key(coach_id, language));
CREATE TABLE coach_schedule (coach_id integer references coaches(id), schedule_line text, primary key(coach_id, schedule_line));
CREATE TABLE coach_programs (coach_id integer references coaches(id), program_id integer, name text, price integer, duration text, description text, primary key(coach_id, program_id));
CREATE TABLE chats (id integer primary key, coach_id integer references coaches(id), name text, sport text, initial text, online boolean, last_msg text, time text, unread integer);
CREATE TABLE chat_messages (chat_id integer references chats(id), message_id integer, sender text, text text, time text, primary key(chat_id, message_id));

-- Data inserts
INSERT INTO venues (id,name,city,sport,price,rating,reviews,color) VALUES (1,'GOR Senayan Mini Soccer','Jakarta Pusat','Sepakbola',450000,4.8,234,'#0F4D2A');
INSERT INTO venue_tags (venue_id,tag) VALUES (1,'Outdoor');
INSERT INTO venue_tags (venue_id,tag) VALUES (1,'Floodlight');
INSERT INTO venue_tags (venue_id,tag) VALUES (1,'Parkir');
INSERT INTO venues (id,name,city,sport,price,rating,reviews,color) VALUES (2,'Padel Club Kemang','Jakarta Selatan','Padel',380000,4.9,156,'#1F3A8A');
INSERT INTO venue_tags (venue_id,tag) VALUES (2,'Indoor');
INSERT INTO venue_tags (venue_id,tag) VALUES (2,'AC');
INSERT INTO venue_tags (venue_id,tag) VALUES (2,'Lockers');
INSERT INTO venues (id,name,city,sport,price,rating,reviews,color) VALUES (3,'Aquatic Center Kelapa Gading','Jakarta Utara','Renang',75000,4.6,412,'#0E7490');
INSERT INTO venue_tags (venue_id,tag) VALUES (3,'Olympic');
INSERT INTO venue_tags (venue_id,tag) VALUES (3,'Heated');
INSERT INTO venues (id,name,city,sport,price,rating,reviews,color) VALUES (4,'Futsal Arena Tebet','Jakarta Selatan','Futsal',220000,4.7,89,'#92400E');
INSERT INTO venue_tags (venue_id,tag) VALUES (4,'Indoor');
INSERT INTO venue_tags (venue_id,tag) VALUES (4,'Vinyl');
INSERT INTO venue_tags (venue_id,tag) VALUES (4,'AC');
INSERT INTO venues (id,name,city,sport,price,rating,reviews,color) VALUES (5,'Lapangan Cilandak Sport Park','Jakarta Selatan','Sepakbola',850000,4.9,178,'#0F4D2A');
INSERT INTO venue_tags (venue_id,tag) VALUES (5,'Rumput Sintetis');
INSERT INTO venue_tags (venue_id,tag) VALUES (5,'Locker');
INSERT INTO venues (id,name,city,sport,price,rating,reviews,color) VALUES (6,'Splash Pool Bintaro','Tangsel','Renang',60000,4.5,256,'#0E7490');
INSERT INTO venue_tags (venue_id,tag) VALUES (6,'Family');
INSERT INTO venue_tags (venue_id,tag) VALUES (6,'Cafe');
INSERT INTO venues (id,name,city,sport,price,rating,reviews,color) VALUES (7,'Padel Garage BSD','Tangsel','Padel',320000,4.7,92,'#1F3A8A');
INSERT INTO venue_tags (venue_id,tag) VALUES (7,'Outdoor');
INSERT INTO venue_tags (venue_id,tag) VALUES (7,'Lighting');
INSERT INTO venues (id,name,city,sport,price,rating,reviews,color) VALUES (8,'Futsal Stadium Cibubur','Jakarta Timur','Futsal',180000,4.4,145,'#92400E');
INSERT INTO venue_tags (venue_id,tag) VALUES (8,'Indoor');
INSERT INTO venue_tags (venue_id,tag) VALUES (8,'Cafe');
INSERT INTO tournaments (id,name,sport,format,teams,status,prize,start_date,color,host,participants) VALUES (1,'Liga Futsal Jakarta 2026','Futsal','Liga',12,'Berlangsung',50000000,'15 Mar 2026','#92400E','StadioneSports',156);
INSERT INTO tournament_standings (tournament_id,pos,team,p,w,d,l,gf,ga,pts) VALUES (1,1,'FC Senayan United',8,7,1,0,32,8,22);
INSERT INTO tournament_standings (tournament_id,pos,team,p,w,d,l,gf,ga,pts) VALUES (1,2,'Tebet Tigers FC',8,6,1,1,28,11,19);
INSERT INTO tournament_standings (tournament_id,pos,team,p,w,d,l,gf,ga,pts) VALUES (1,3,'Kemang Kings',8,5,2,1,24,14,17);
INSERT INTO tournament_standings (tournament_id,pos,team,p,w,d,l,gf,ga,pts) VALUES (1,4,'Cilandak Warriors',8,4,2,2,19,15,14);
INSERT INTO tournament_standings (tournament_id,pos,team,p,w,d,l,gf,ga,pts) VALUES (1,5,'BSD Eagles',8,3,2,3,17,18,11);
INSERT INTO tournament_standings (tournament_id,pos,team,p,w,d,l,gf,ga,pts) VALUES (1,6,'Cibubur FC',8,2,1,5,12,22,7);
INSERT INTO tournament_schedule (tournament_id,entry_id,date,home,away,score,status) VALUES (1,101,'12 Mei','FC Senayan United','Tebet Tigers FC',NULL,'live');
INSERT INTO tournament_schedule (tournament_id,entry_id,date,home,away,score,status) VALUES (1,102,'13 Mei','Kemang Kings','Cilandak Warriors',NULL,'upcoming');
INSERT INTO tournament_schedule (tournament_id,entry_id,date,home,away,score,status) VALUES (1,103,'14 Mei','BSD Eagles','Cibubur FC',NULL,'upcoming');
INSERT INTO tournament_schedule (tournament_id,entry_id,date,home,away,score,status) VALUES (1,104,'08 Mei','Tebet Tigers FC','Kemang Kings','3-2','done');
INSERT INTO tournament_schedule (tournament_id,entry_id,date,home,away,score,status) VALUES (1,105,'07 Mei','FC Senayan United','BSD Eagles','4-0','done');
INSERT INTO tournaments (id,name,sport,format,teams,status,prize,start_date,color,host,participants) VALUES (2,'Stadione Padel Open','Padel','Knockout',16,'Pendaftaran',25000000,'20 Jun 2026','#1F3A8A','Padel Club Kemang',24);
INSERT INTO tournaments (id,name,sport,format,teams,status,prize,start_date,color,host,participants) VALUES (3,'Liga Esports Mobile Legends','Esports','Liga',24,'Berlangsung',100000000,'01 Apr 2026','#7C3AED','Stadione × MPL',312);
INSERT INTO tournaments (id,name,sport,format,teams,status,prize,start_date,color,host,participants) VALUES (4,'Tennis Singles Championship','Tennis','Knockout',32,'Pendaftaran',30000000,'10 Jul 2026','#15803D','Senayan Tennis Club',28);
INSERT INTO tournaments (id,name,sport,format,teams,status,prize,start_date,color,host,participants) VALUES (5,'Liga Badminton Antar-Klub','Badminton','Liga',8,'Berlangsung',15000000,'05 Apr 2026','#B91C1C','PB Jakarta',64);
INSERT INTO tournaments (id,name,sport,format,teams,status,prize,start_date,color,host,participants) VALUES (6,'Pingpong Open Tournament','Pingpong','Knockout',16,'Pendaftaran',8000000,'25 May 2026','#EA580C','Komunitas TM Jakarta',12);
INSERT INTO news (id,category,title,excerpt,author,date,read_time,featured,color) VALUES (1,'Sepakbola','Timnas U-23 Cetak Sejarah, Lolos Final Piala AFF','Garuda Muda menundukkan Vietnam 2-1 lewat gol dramatis di babak tambahan.','Rendy Pratama','07 Mei 2026','4 mnt',true,'#E11D2E');
INSERT INTO news (id,category,title,excerpt,author,date,read_time,featured,color) VALUES (2,'Futsal','Liga Futsal Profesional Resmi Bergulir Bulan Depan','Format baru, 16 klub, hadiah total 2 miliar rupiah.','Maya Hartono','06 Mei 2026','3 mnt',false,'#92400E');
INSERT INTO news (id,category,title,excerpt,author,date,read_time,featured,color) VALUES (3,'Badminton','Jonatan Christie Juara Singapore Open 2026','Comeback dramatis dari set pertama untuk mengamankan gelar.','Bagas Nurhakim','05 Mei 2026','5 mnt',false,'#B91C1C');
INSERT INTO news (id,category,title,excerpt,author,date,read_time,featured,color) VALUES (4,'Padel','Demam Padel Indonesia: 200+ Klub Baru di 2026','Olahraga raket asal Spanyol ini meledak popularitasnya.','Sarah Kusuma','04 Mei 2026','6 mnt',false,'#1F3A8A');
INSERT INTO news (id,category,title,excerpt,author,date,read_time,featured,color) VALUES (5,'Esports','MPL Season 13 Catat Penonton Tertinggi Sepanjang Sejarah','Final EVOS vs RRQ tembus 5 juta concurrent viewers.','Dimas Pradana','04 Mei 2026','4 mnt',false,'#7C3AED');
INSERT INTO news (id,category,title,excerpt,author,date,read_time,featured,color) VALUES (6,'Tennis','Indonesia Open Tennis Datangkan Pemain Top 50 Dunia','Turnamen ATP Challenger tahun ini lebih bergengsi.','Lisa Andriani','03 Mei 2026','3 mnt',false,'#15803D');
INSERT INTO news (id,category,title,excerpt,author,date,read_time,featured,color) VALUES (7,'Renang','Atlet Renang Nasional Pecahkan Rekor Asia 200m Gaya Bebas','Catatan baru di kejuaraan terbuka di Tokyo.','Aldi Surya','02 Mei 2026','4 mnt',false,'#0E7490');
INSERT INTO coaches (id,name,sport,exp,rating,sessions,price,initial) VALUES (1,'Coach Bambang Sutrisno','Sepakbola',12,4.9,234,250000,'BS');
INSERT INTO coach_certs (coach_id,cert) VALUES (1,'AFC C-License');
INSERT INTO coach_certs (coach_id,cert) VALUES (1,'Mantan Pemain Persija');
INSERT INTO coaches (id,name,sport,exp,rating,sessions,price,initial) VALUES (2,'Coach Ratna Dewi','Renang',8,4.8,412,180000,'RD');
INSERT INTO coach_certs (coach_id,cert) VALUES (2,'SI Pelatih Nasional');
INSERT INTO coach_certs (coach_id,cert) VALUES (2,'Olimpiade 2016');
INSERT INTO coaches (id,name,sport,exp,rating,sessions,price,initial) VALUES (3,'Coach Andre Wijaya','Padel',6,5,89,350000,'AW');
INSERT INTO coach_certs (coach_id,cert) VALUES (3,'Padel Pro Spain');
INSERT INTO coach_certs (coach_id,cert) VALUES (3,'Top 100 ATP Padel');
INSERT INTO coaches (id,name,sport,exp,rating,sessions,price,initial) VALUES (4,'Coach Dewi Lestari','Badminton',15,4.9,567,220000,'DL');
INSERT INTO coach_certs (coach_id,cert) VALUES (4,'PB Djarum Alumni');
INSERT INTO coach_certs (coach_id,cert) VALUES (4,'BWF Coach Level 2');
INSERT INTO coaches (id,name,sport,exp,rating,sessions,price,initial) VALUES (5,'Coach Rizky Pratama','Futsal',9,4.7,178,200000,'RP');
INSERT INTO coach_certs (coach_id,cert) VALUES (5,'AFC Futsal C-License');
INSERT INTO coaches (id,name,sport,exp,rating,sessions,price,initial) VALUES (6,'Coach Maria Santoso','Tennis',11,4.8,290,280000,'MS');
INSERT INTO coach_certs (coach_id,cert) VALUES (6,'ITF Level 2');
INSERT INTO coach_certs (coach_id,cert) VALUES (6,'Ex-Davis Cup Coach');
INSERT INTO coaches (id,name,sport,exp,rating,sessions,price,initial) VALUES (7,'Coach Hendra Kurniawan','Pingpong',7,4.6,145,150000,'HK');
INSERT INTO coach_certs (coach_id,cert) VALUES (7,'ITTF Level 1');
INSERT INTO coach_certs (coach_id,cert) VALUES (7,'PORDA Champion');
INSERT INTO coaches (id,name,sport,exp,rating,sessions,price,initial) VALUES (8,'Coach Galih Eka','Esports',5,4.9,412,120000,'GE');
INSERT INTO coach_certs (coach_id,cert) VALUES (8,'Mythic Glory ML');
INSERT INTO coach_certs (coach_id,cert) VALUES (8,'Coach RRQ Hoshi');
INSERT INTO coach_extra (coach_id,bio,location) VALUES (1,'Mantan pemain profesional Persija Jakarta dengan 12 tahun pengalaman bermain di liga 1. Setelah pensiun, fokus mengembangkan generasi muda sepakbola Indonesia melalui pendekatan teknis modern dan psikologi olahraga.','Jakarta Selatan');
INSERT INTO coach_languages (coach_id,language) VALUES (1,'Indonesia');
INSERT INTO coach_languages (coach_id,language) VALUES (1,'English');
INSERT INTO coach_schedule (coach_id,schedule_line) VALUES (1,'Sen-Jum: 06:00 - 21:00');
INSERT INTO coach_schedule (coach_id,schedule_line) VALUES (1,'Sabtu: 07:00 - 19:00');
INSERT INTO coach_schedule (coach_id,schedule_line) VALUES (1,'Minggu: 08:00 - 17:00');
INSERT INTO coach_programs (coach_id,program_id,name,price,duration,description) VALUES (1,1,'Sesi Privat 1-on-1',250000,'60 menit','Latihan privat fokus teknik dan stamina');
INSERT INTO coach_programs (coach_id,program_id,name,price,duration,description) VALUES (1,2,'Sesi Berdua',175000,'60 menit','Latihan untuk dua orang, biaya per orang');
INSERT INTO coach_programs (coach_id,program_id,name,price,duration,description) VALUES (1,3,'Latihan Tim (Max 12)',1200000,'90 menit','Latihan kolektif untuk satu tim');
INSERT INTO coach_extra (coach_id,bio,location) VALUES (3,'Pelatih padel bersertifikasi Spanyol. Pernah bermain di sirkuit ATP Padel hingga peringkat 100 dunia. Berfokus pada teknik dasar yang kuat dan strategi bermain berpasangan.','Jakarta Selatan & BSD');
INSERT INTO coach_languages (coach_id,language) VALUES (3,'Indonesia');
INSERT INTO coach_languages (coach_id,language) VALUES (3,'English');
INSERT INTO coach_languages (coach_id,language) VALUES (3,'Español');
INSERT INTO coach_schedule (coach_id,schedule_line) VALUES (3,'Sen-Jum: 14:00 - 22:00');
INSERT INTO coach_schedule (coach_id,schedule_line) VALUES (3,'Sab-Min: 08:00 - 21:00');
INSERT INTO coach_programs (coach_id,program_id,name,price,duration,description) VALUES (3,1,'Sesi Privat',350000,'60 menit','Privat dengan analisis video');
INSERT INTO coach_programs (coach_id,program_id,name,price,duration,description) VALUES (3,2,'Klinik Pemula',200000,'90 menit','Group max 4 orang, kenalan dasar');
INSERT INTO coach_programs (coach_id,program_id,name,price,duration,description) VALUES (3,3,'Strategi Pasangan',500000,'90 menit','Khusus pasangan tetap, taktik');
INSERT INTO chats (id,coach_id,name,sport,initial,online,last_msg,time,unread) VALUES (1,1,'Coach Bambang Sutrisno','Sepakbola','BS',true,'Sip, sampai ketemu besok jam 7 ya!','5 mnt',0);
INSERT INTO chat_messages (chat_id,message_id,sender,text,time) VALUES (1,1,'coach','Halo Aldi! Gimana kondisi kakimu setelah latihan kemarin?','14:30');
INSERT INTO chat_messages (chat_id,message_id,sender,text,time) VALUES (1,2,'me','Udah lebih baik coach, masih sedikit pegal tapi udah bisa lari pelan','14:32');
INSERT INTO chat_messages (chat_id,message_id,sender,text,time) VALUES (1,3,'coach','Bagus. Besok kita fokus ke teknik finishing ya. Bawa shin guard juga.','14:33');
INSERT INTO chat_messages (chat_id,message_id,sender,text,time) VALUES (1,4,'coach','Oh iya, latihan stretching 10 menit sebelum tidur. Penting buat recovery.','14:33');
INSERT INTO chat_messages (chat_id,message_id,sender,text,time) VALUES (1,5,'me','Siap coach. Jam 7 di lapangan biasa kan?','14:35');
INSERT INTO chat_messages (chat_id,message_id,sender,text,time) VALUES (1,6,'coach','Sip, sampai ketemu besok jam 7 ya!','14:36');
INSERT INTO chats (id,coach_id,name,sport,initial,online,last_msg,time,unread) VALUES (2,3,'Coach Andre Wijaya','Padel','AW',false,'Boleh, slot Sabtu sore masih kosong','2 jam',2);
INSERT INTO chat_messages (chat_id,message_id,sender,text,time) VALUES (2,1,'me','Coach, masih ada slot weekend ini?','12:15');
INSERT INTO chat_messages (chat_id,message_id,sender,text,time) VALUES (2,2,'coach','Boleh, slot Sabtu sore masih kosong','12:30');
INSERT INTO chat_messages (chat_id,message_id,sender,text,time) VALUES (2,3,'coach','Jam 16:00 atau 17:00. Mau yang mana?','12:31');
INSERT INTO chats (id,coach_id,name,sport,initial,online,last_msg,time,unread) VALUES (3,2,'Coach Ratna Dewi','Renang','RD',true,'Latihan nafas hari ini bagus banget!','1 hari',0);
INSERT INTO chat_messages (chat_id,message_id,sender,text,time) VALUES (3,1,'me','Coach, hari ini saya berhasil 50m tanpa berhenti!','08:30');
INSERT INTO chat_messages (chat_id,message_id,sender,text,time) VALUES (3,2,'coach','Wah keren! Itu progres besar','08:42');
INSERT INTO chat_messages (chat_id,message_id,sender,text,time) VALUES (3,3,'coach','Latihan nafas hari ini bagus banget! Pertahankan ya','08:45');
INSERT INTO tournament_bracket_rounds (tournament_id,round_order,name) VALUES (2,1,'Quarter Final');
INSERT INTO tournament_bracket_matches (round_id,p1,p2,s1,s2,w) VALUES (1,'Andre & Maya','Bagas & Lina',6,4,0);
INSERT INTO tournament_bracket_matches (round_id,p1,p2,s1,s2,w) VALUES (1,'Reza & Dani','Riko & Sari',7,5,0);
INSERT INTO tournament_bracket_matches (round_id,p1,p2,s1,s2,w) VALUES (1,'Aldi & Putri','Bayu & Tia',6,7,1);
INSERT INTO tournament_bracket_matches (round_id,p1,p2,s1,s2,w) VALUES (1,'Yoga & Mega','Rendy & Nia',6,3,0);
INSERT INTO tournament_bracket_rounds (tournament_id,round_order,name) VALUES (2,2,'Semi Final');
INSERT INTO tournament_bracket_matches (round_id,p1,p2,s1,s2,w) VALUES (2,'Andre & Maya','Reza & Dani',6,5,0);
INSERT INTO tournament_bracket_matches (round_id,p1,p2,s1,s2,w) VALUES (2,'Bayu & Tia','Yoga & Mega',NULL,NULL,NULL);
INSERT INTO tournament_bracket_rounds (tournament_id,round_order,name) VALUES (2,3,'Final');
INSERT INTO tournament_bracket_matches (round_id,p1,p2,s1,s2,w) VALUES (3,'Andre & Maya','TBD',NULL,NULL,NULL);
INSERT INTO tournament_bracket_rounds (tournament_id,round_order,name) VALUES (4,1,'Quarter Final');
INSERT INTO tournament_bracket_matches (round_id,p1,p2,s1,s2,w) VALUES (4,'Rendy P.','Aldi K.',2,1,0);
INSERT INTO tournament_bracket_matches (round_id,p1,p2,s1,s2,w) VALUES (4,'Maya H.','Sari D.',2,0,0);
INSERT INTO tournament_bracket_matches (round_id,p1,p2,s1,s2,w) VALUES (4,'Bagas N.','Reza A.',1,2,1);
INSERT INTO tournament_bracket_matches (round_id,p1,p2,s1,s2,w) VALUES (4,'Tito S.','Dimas P.',2,1,0);
INSERT INTO tournament_bracket_rounds (tournament_id,round_order,name) VALUES (4,2,'Semi Final');
INSERT INTO tournament_bracket_matches (round_id,p1,p2,s1,s2,w) VALUES (5,'Rendy P.','Maya H.',NULL,NULL,NULL);
INSERT INTO tournament_bracket_matches (round_id,p1,p2,s1,s2,w) VALUES (5,'Reza A.','Tito S.',NULL,NULL,NULL);
INSERT INTO tournament_bracket_rounds (tournament_id,round_order,name) VALUES (4,3,'Final');
INSERT INTO tournament_bracket_matches (round_id,p1,p2,s1,s2,w) VALUES (6,'TBD','TBD',NULL,NULL,NULL);
INSERT INTO tournament_bracket_rounds (tournament_id,round_order,name) VALUES (6,1,'Semi Final');
INSERT INTO tournament_bracket_matches (round_id,p1,p2,s1,s2,w) VALUES (7,'Hendra K.','Putra A.',3,1,0);
INSERT INTO tournament_bracket_matches (round_id,p1,p2,s1,s2,w) VALUES (7,'Galih E.','Bayu L.',2,3,1);
INSERT INTO tournament_bracket_rounds (tournament_id,round_order,name) VALUES (6,2,'Final');
INSERT INTO tournament_bracket_matches (round_id,p1,p2,s1,s2,w) VALUES (8,'Hendra K.','Bayu L.',NULL,NULL,NULL);
